<?xml version="1.0"?>

<project name="MAXIMO" default="earBuild" basedir=".">
	<description>
		This buildfile is used to build the MAXIMO Enterprise Archive File(maximo.ear). 
	</description>

	<target name="init" 
	        description="Initializes the directories and file names">
		
		<property name="maximo.basedir" value="${basedir}\..\applications\maximo"/>
		<property name="maximo.properties" value="maximo.properties"/>
		<property name="maximo.deploydir" value="${basedir}\default"/>
		<property name="maximo.deploydir.temp" value="${maximo.deploydir}\temp"/>

		<property name="maximo.earfile" value="maximo.ear"/>
		<property name="maximo.businessobjectsjarfile" value="businessobjects.jar"/>
		<property name="maximo.commonwebjarfile" value="commonweb.jar"/>
		<property name="maximo.mbowarfile" value="mboweb.war"/>
		<property name="maximo.maximouiwarfile" value="maximouiweb.war"/>
		<property name="maximo.maxrestwarfile" value="maxrestweb.war"/>
		<property name="maximo.mboejbclientjarfile" value="mboejbclient.jar"/>
		<property name="maximo.mboejbjarfile" value="mboejb.jar"/>
		<property name="maximo.meawarfile" value="meaweb.war"/>
		<property name="maximo.propertiesjarfile" value="properties.jar"/>
		<property name="maximo.mbojavajarfile" value="mbojava.jar"/>
		
		<property name="maximo.appxmlfile" value="${maximo.basedir}/META-INF/deployment-application.xml"/>
		<property name="maximo.axis2" value="lib/axis2.jar"/>
		<property name="maximo.xmlbeans" value="lib/xmlbeans-3.1.0.jar"/>
		<property name="maximo.jaxen" value=""/>
		<property name="maximo.jaxwsprovider" value="WEB-INF/classes/psdi/iface/webservices/MaxWebServiceProvider.class"/>
		<property name="maximo.jaxwsproviderdyn" value="WEB-INF/classes/psdi/iface/webservices/JAXWSWebServiceProvider.class"/>
		<property name="maximo.wasjaxwsproviderdyn" value="WEB-INF/classes/psdi/iface/webservices/WASJAXWSWebServiceProvider.class"/>

		<property name="maximo.businessobjectsclasspath" 
		      value="${maximo.propertiesjarfile} lib/zzbusinessobjects.jar lib/ntbusinessobjects.jar lib/ldapbp.jar lib/db2jcc.jar lib/db2jcc_license_cu.jar lib/oraclethin.jar lib/sqljdbc.jar lib/sqlite-jdbc-3.42.0.0.jar lib/k2client.jar lib/cognos-axis.jar lib/cognosClient.jar lib/xmlParserAPIs.jar lib/httpclient-4.5.13.jar lib/joda-time-2.8.1.jar lib/aws-java-sdk-core-1.12.267.jar lib/aws-java-sdk-kms-1.12.267.jar lib/aws-java-sdk-s3-1.12.267.jar lib/jackson-dataformat-cbor-2.12.3.jar lib/jmespath-java-1.12.267.jar lib/ion-java-1.0.2.jar lib/softlayer-api-client-0.2.3.jar lib/httpcore-4.4.13.jar lib/httpmime-4.5.13.jar lib/commons-net-3.9.0.jar lib/commons-pool-1.5.4.jar lib/commons-compress-1.21.jar lib/jsr181.jar lib/remoteaccess.jar lib/platform-model.jar lib/ssh.jar /lib/api-client.jar /lib/api-dep.jar /lib/oal-api.jar /lib/oal-topomgr.jar /lib/oal-common.jar lib/edm-server.jar /lib/api-dl.jar /lib/maxcom.jar /lib/icu4j.jar /lib/json4j.jar /lib/jviews-chart.jar /lib/jviews-gantt.jar /lib/jviews-diagrammer.jar lib/jviews-framework-lib.jar lib/jhbasic-2.0_05.jar lib/contentloader.jar lib/oslcquery.jar lib/oauth.jar lib/tdb-0.8.7-patched.jar lib/jena-2.6.3-patched.jar lib/slf4j-log4j12-1.6.4.jar lib/slf4j-api-1.6.4.jar lib/iri-0.8.jar lib/sdb-1.3.2.jar lib/gson-2.8.9.jar lib/freemarker-2.3.22.jar lib/antisamy-1.7.0.jar lib/batik-constants-1.16.jar lib/batik-css-1.16.jar lib/batik-i18n-1.16.jar lib/batik-util-1.16.jar lib/httpclient5-5.1.3.jar lib/httpcore5-5.1.4.jar lib/neko-htmlunit-2.66.0.jar lib/xml-apis-ext-1.3.04.jar lib/xmlgraphics-commons-2.6.jar lib/commons-io-2.9.jar lib/commons-logging-1.2.jar lib/sac.jar lib/commons-math3-3.6.1.jar lib/groupdocs-conversion-22.8-part1.jar lib/groupdocs-conversion-22.8-part2.jar lib/groupdocs-conversion-22.8-part3.jar lib/poi-4.1.2.jar lib/poi-excelant-4.1.2.jar lib/poi-ooxml-4.1.2.jar lib/poi-ooxml-schemas-4.1.2.jar lib/jackson-core-2.15.1.jar lib/jackson-databind-2.15.1.jar lib/jackson-annotations-2.15.1.jar lib/kafka-clients-2.8.2.jar lib/snappy-java-1.1.10.1.jar lib/lz4-java-1.7.1.jar lib/commons-codec--1.15.jar lib/docloud_api_java_client-1.0-STABLE-b221.jar lib/commons-collections4-4.1.jar lib/xmlbeans-3.1.0.jar lib/rcl_ibmratl.jar lib/ical4j-3.0.18.jar lib/commons-lang3-3.4.jar lib/license_metric_logger_2.1.1.201507131115.jar lib/jsoup-1.15.3.jar lib/graphql-java-20.1.jar lib/antlr4-runtime-4.8.jar lib/reactive-streams-1.0.3.jar lib/java-dataloader-3.2.0.jar lib/spatiotemporal-core-1.6.0.jar lib/log4j-1.2-api-2.17.1.jar lib/log4j-api-2.17.1.jar lib/log4j-core-2.17.1.jar lib/log4j-web-2.17.1.jar lib/jsch.jar lib/curvesapi-1.06.jar"/>
		<property name="maximo.mbowarclasspath" 
			    value="${maximo.businessobjectsjarfile} ${maximo.mboejbclientjarfile} ${maximo.commonwebjarfile} ${maximo.propertiesjarfile} lib/ldapbp.jar ${maximo.axis2} lib/db2jcc.jar lib/db2jcc_license_cu.jar lib/oraclethin.jar lib/sqljdbc.jar lib/sqlite-jdbc-3.42.0.0.jar lib/k2client.jar lib/jdom.jar lib/axis.jar lib/axis-ant.jar lib/commons-discovery.jar lib/commons-logging-1.2.jar lib/jaxrpc.jar lib/saaj.jar lib/remoteaccess.jar lib/platform-model.jar lib/ssh.jar /lib/maxcom.jar lib/icu4j.jar lib/junit-4.4.jar lib/jython.jar ${maximo.jaxen} lib/log4j-1.2-api-2.17.1.jar lib/log4j-api-2.17.1.jar lib/log4j-core-2.17.1.jar lib/log4j-web-2.17.1.jar"/>
		<property name="maximo.maximouiwarclasspath" 
			    value="${maximo.businessobjectsjarfile} ${maximo.mboejbclientjarfile} ${maximo.commonwebjarfile} ${maximo.propertiesjarfile} lib/k2client.jar lib/lowagie.jar lib/cognos-axis.jar lib/cognosClient.jar ${maximo.mboejbjarfile} lib/icu4j.jar lib/bcel-6.6.1.jar lib/groupdocs-conversion-22.8-part1.jar lib/groupdocs-conversion-22.8-part2.jar lib/groupdocs-conversion-22.8-part3.jar"/>
		<property name="maximo.commonwebclasspath" 
			    value="${maximo.businessobjectsjarfile} ${maximo.mboejbclientjarfile} lib/icu4j.jar "/>
		<property name="maximo.mboejbclientclasspath" 
			    value="${maximo.businessobjectsjarfile} lib/icu4j.jar"/>

		<echo>maximo.deploydir=${maximo.deploydir}</echo>
		<echo>maximo.basedir=${maximo.basedir}</echo>

		<mkdir dir="${maximo.deploydir}"/>
		<mkdir dir="${maximo.deploydir.temp}"/>
		
		<move todir="${basedir}\..\applications\maximo\businessobjects\classes\psdi\app\signature\apps" includeemptydirs="false" >
			<fileset dir="${basedir}\..\applications\maximo\businessobjects\classes\psdi\app\signature\apps" >
				<exclude name="*.key"/>
			</fileset>
			<mapper type="glob" from="*.class" to="*.key"/>
		</move>		
		
	</target>

	<target name="mboWarBuild" 
	        depends="init" 
	        description="Builds the MAXIMO Web Application Archive File for Business Objects (mbo.war) file">
	        
		<echo>mboWarBuild war file=${maximo.deploydir.temp}/${maximo.mbowarfile}</echo>
		<war destfile="${maximo.deploydir.temp}/${maximo.mbowarfile}" 
			 webxml="${maximo.basedir}/mboweb/webmodule/WEB-INF/web.xml" 
			 index="true">
			<fileset dir="${maximo.basedir}/mboweb/webmodule">
				<include name="**/*.*"/>
				<exclude name="WEB-INF/web.xml"/>
				<exclude name="META-INF/MANIFEST.MF"/>
			</fileset>
			<manifest>
				<attribute name="Class-Path" value="${maximo.mbowarclasspath}"/>
			</manifest>
  		</war>
	</target>
	
	<target name="maximouiWarBuild" 
	        depends="init" 
	        description="Builds the MAXIMO UI Web Application Archive File (maximoui.war) file">
	        
		<echo>maximouiWarBuild war file=${maximo.deploydir.temp}/${maximo.maximouiwarfile}</echo>
		<war destfile="${maximo.deploydir.temp}/${maximo.maximouiwarfile}" 
			 webxml="${maximo.basedir}/maximouiweb/webmodule/WEB-INF/web.xml" 
			 index="true">
			<fileset dir="${maximo.basedir}/maximouiweb/webmodule">
				<include name="**/*.*"/>
				<exclude name="WEB-INF/web.xml"/>
				<exclude name="META-INF/MANIFEST.MF"/>
			</fileset>
			<classes dir="${maximo.basedir}/maximouiweb/webmodule" >
				<include name="jsp/**/*.txt"/>
			</classes>
			<manifest>
				<attribute name="Class-Path" value="${maximo.maximouiwarclasspath}"/>
			</manifest>
  		</war>
	</target>



	<target name="mboEJBClientBuild" 
	        depends="init,businessObjectsBuild" 
	        description="Builds the MAXIMO EJB Client Application Archive File for (mboejbclient.jar) file">
	        
		<echo>mboEJBClientBuild jar file=${maximo.deploydir.temp}/${maximo.mboejbclientjarfile}</echo>
		<jar destfile="${maximo.deploydir.temp}/${maximo.mboejbclientjarfile}" 
			 index="true">
			<fileset dir="${maximo.basedir}/mboejbclient/classes">
				<include name="**/*.*"/>
				<exclude name="META-INF/MANIFEST.MF"/>
			</fileset>
			<manifest>
				<attribute name="Class-Path" value="${maximo.mboejbclientclasspath}"/>
			</manifest>
  		</jar>
	</target>

	
	<target name="mboEJBBuild" 
	        depends="init" 
	        description="Builds the MAXIMO EJB Application Archive File for (mboejb.jar) file">
	        
		<echo>mboEJBBuild jar file=${maximo.deploydir.temp}/${maximo.mboejbjarfile}</echo>
		<jar destfile="${maximo.deploydir.temp}/${maximo.mboejbjarfile}" 
			 index="true">
			<fileset dir="${maximo.basedir}/mboejb/ejbmodule">
				<include name="**/*.*"/>
				<exclude name="META-INF/MANIFEST.MF"/>
			</fileset>
			<manifest>
				<attribute name="Class-Path" value="${maximo.mbowarclasspath}"/>
			</manifest>
  		</jar>
	</target>

	<target name="meaWarBuild" 
	        depends="init" 
	        description="Builds the MEA Web Application Archive File it's Servlet (meaweb.war) file">
	        
		<echo>meaWarBuild war file=${maximo.deploydir.temp}/${maximo.meawarfile}</echo>
		<war destfile="${maximo.deploydir.temp}/${maximo.meawarfile}" 
			 webxml="${maximo.basedir}/meaweb/webmodule/WEB-INF/web.xml" 
			 index="true">
			<fileset dir="${maximo.basedir}/meaweb/webmodule">
				<include name="**/*.*"/>
				<exclude name="WEB-INF/web.xml"/>
				<exclude name="META-INF/MANIFEST.MF"/>
				<exclude name="${maximo.jaxwsprovider}"/>
				<exclude name="${maximo.wasjaxwsproviderdyn}"/>
				<!--exclude name="${maximo.jaxwsproviderdyn}"/-->
			</fileset>
			<manifest>
				<attribute name="UseWSFEP61ScanPolicy" value="true"/>
				<attribute name="UseEJB61FEPScanPolicy" value="true"/>
				<attribute name="Class-Path" value="${maximo.mbowarclasspath}"/>
			</manifest>
  		</war>
	</target>


	<target name="maxrestWarBuild" 
	        depends="init" 
	        description="Builds the REST Web Application Archive File for (maxrestweb.war) file">
	        
		<echo>maxrestWarBuild war file=${maximo.deploydir.temp}/${maximo.maxrestwarfile}</echo>
		<war destfile="${maximo.deploydir.temp}/${maximo.maxrestwarfile}" 
			 webxml="${maximo.basedir}/maxrestweb/webmodule/WEB-INF/web.xml" 
			 index="true">
			<fileset dir="${maximo.basedir}/maxrestweb/webmodule">
				<include name="**/*.*"/>
				<exclude name="WEB-INF/web.xml"/>
				<exclude name="META-INF/MANIFEST.MF"/>
			</fileset>
			<manifest>
				<attribute name="Class-Path" value="${maximo.mbowarclasspath}"/>
			</manifest>
  		</war>
	</target>

	<target name="businessObjectsBuild" 
	        depends="init" 
	        description="Builds the MAXIMO Business Objects Archive File (businessobjects.jar) file">
	        
		<echo>businessobjects.jar file=${maximo.deploydir.temp}/${maximo.businessobjectsjarfile}</echo>
		<mkdir dir="${maximo.deploydir.temp}/importreports"/>
		<delete>
			<fileset dir="${maximo.deploydir.temp}/importreports">
				<include name="reports.zip"/>
			</fileset>
		</delete>

		<zip destfile="${maximo.deploydir.temp}/importreports/reports.zip">
			<fileset dir="${maximo.basedir}/../../reports/birt">
				<include name="libraries/**/*.*"/>
				<include name="reports/**/*.*"/>
			</fileset>
		</zip>

		<mkdir dir="${maximo.deploydir.temp}/mxoptimization"/>
		<delete>
			<fileset dir="${maximo.deploydir.temp}/mxoptimization">
				<include name="mxoptimization.zip"/>
			</fileset>
		</delete>

		<zip destfile="${maximo.deploydir.temp}/mxoptimization/mxoptimization.zip">
			<fileset dir="${maximo.basedir}/optimization">
				<include name="**/*.*"/>
				<exclude name="mxodmepackages/*.*"/>
				<exclude name="mxodme/src/**/*.*"/>
			</fileset>
		</zip>
		
		<jar destfile="${maximo.deploydir.temp}/${maximo.businessobjectsjarfile}" 
			 index="true">
			<fileset dir="${maximo.basedir}/businessobjects/classes">
				<include name="**/*.*"/>
			</fileset>
			<fileset dir="${maximo.basedir}/resources">
				<include name="**/*.*"/>
				<exclude name="importreports/*.*"/>
			</fileset>
			<fileset dir="${maximo.deploydir.temp}">
				<include name="importreports/reports.zip"/>
			</fileset>
			<fileset dir="${maximo.deploydir.temp}">
				<include name="mxoptimization/mxoptimization.zip"/>
			</fileset>
			<fileset dir="${maximo.basedir}/optimization">
				<include name="mxodmepackages/*.*"/>
			</fileset>
			<manifest>
				<attribute name="Class-Path" value="${maximo.businessobjectsclasspath}"/>
			</manifest>
  		</jar>
	</target>

	<target name="commonWebBuild" 
	        depends="init" 
	        description="Builds the Common Web Archive File (commonweb.jar) file">
	        
		<echo>commonweb.jar file=${maximo.deploydir.temp}/${maximo.commonwebjarfile}</echo>
		<jar destfile="${maximo.deploydir.temp}/${maximo.commonwebjarfile}" 
			 index="true">
			<fileset dir="${maximo.basedir}/commonweb/classes">
				<include name="**/*.*"/>
			</fileset>
			<manifest>
				<attribute name="Class-Path" value="${maximo.commonwebclasspath}"/>
			</manifest>
  		</jar>
	</target>

	<target name="propertiesBuild" 
	        depends="init" 
	        description="Builds the MAXIMO properties Archive File (properties.jar) file">
	        
		<ant antfile="ui-schema-generator.xml" dir="${maximo.basedir}/properties" inheritAll="false" target="all" />

		<echo>properties.jar file=${maximo.deploydir.temp}/${maximo.propertiesjarfile}</echo>
		<copy todir="${maximo.deploydir.temp}/properties" >
			<fileset dir="${maximo.basedir}/properties">
				<include name="**/*.*"/>
                <exclude name="version/*.*"/>
			</fileset>
		</copy>
		<jar destfile="${maximo.deploydir.temp}/${maximo.propertiesjarfile}" 
			 index="true">
			<fileset dir="${maximo.deploydir.temp}/properties">
				<include name="**/*.*"/>
			</fileset>
  		</jar>
	</target>

	<target name="mboJavaBuild" 
	        depends="init" 
	        description="Builds the MAXIMO Client Archive File (mbojava.jar) file">
	        
		<echo>mboJavaBuild jar file=${maximo.deploydir.temp}/${maximo.mbojavajarfile}</echo>
		<jar destfile="${maximo.deploydir.temp}/${maximo.mbojavajarfile}" 
			 index="true">
			<fileset dir="${maximo.basedir}/mbojava/javamodule">
				<include name="**/*.*"/>
				<exclude name="META-INF/MANIFEST.MF"/>
			</fileset>
			<manifest>
				<attribute name="Main-Class" value="psdi.client.LaunchClient"/>
				<attribute name="Class-Path" value="${maximo.maximouiwarclasspath}"/>
			</manifest>
  		</jar>
	</target>

	<target name="buildDojo">
		<echo>Building Dojo layer files</echo>
		<tstamp>
			<format property="dojo.build" pattern="yyyyMMdd-kkmm"/>
		</tstamp>
		<ant antfile="builddojo.xml" dir="${basedir}/../applications/maximo/maximouiweb" inheritAll="false" target="all">
			<property name="build" value="${dojo.build}" />
		</ant>
	</target>

	<target name="earBuild" 
	        depends="init, propertiesBuild, buildDojo, businessObjectsBuild, commonWebBuild, mboEJBClientBuild, mboWarBuild, maximouiWarBuild, mboEJBBuild, meaWarBuild, maxrestWarBuild, mboJavaBuild" 
	        description="Builds the MAXIMO Enterprise Archive File (maximo.ear) file">

		
		<ear destfile="${maximo.deploydir}/${maximo.earfile}" manifest="${maximo.basedir}/META-INF/MANIFEST.MF"
				     appxml="${maximo.appxmlfile}">

			<!-- WEB Application Modules files -->
			<fileset dir="${maximo.basedir}">
				<include name="**/*.*"/>
				<exclude name="businessobjects/src/**/*.xsl"/>
				<exclude name="businessobjects/src/**/*.xsd"/>
				<exclude name="*.xml"/>
				<exclude name="*.classpath"/>
				<exclude name="*.project"/>
				<exclude name="businessobjects/**/*.*"/>
				<exclude name="commonweb/**/*.*"/>
				<exclude name="lib/j2ee.jar"/>
				<exclude name="lib/weblogic.jar"/>
				<exclude name="lib/com.ibm.ws.runtime_6.1.0.jar"/>
				<exclude name="lib/com.ibm.ws.runtime.jar"/>
			    <exclude name="lib/com.ibm.ws.admin.core.jar"/>
				<exclude name="lib/com.ibm.ws.admin.services.jar"/>
				<exclude name="lib/com.ibm.ws.emf_2.1.0.jar"/>
				<exclude name="lib/org.eclipse.emf.commonj.sdo.jar"/>
				<exclude name="lib/odmeall.jar"/>
				<exclude name="lib/oplall.jar"/>
				<exclude name="lib/aspectjweaver.jar"/>
				<exclude name="lib/ant.jar"/>
				<!--<exclude name="${maximo.xmlbeans}"/>!-->
				<exclude name="lib/axis2.jar"/>
				<exclude name="mboejbclient/**/*.*"/>
				<exclude name="mboejb/**/*.*"/>
				<exclude name="maximouiweb/**/*.*"/>
				<exclude name="mboweb/**/*.*"/>
				<exclude name="meaweb/**/*.*"/>
				<exclude name="maxrestweb/**/*.*"/>
				<exclude name="mbojava/**/*.*"/>
				<exclude name="META-INF/application.xml"/>
				<exclude name="META-INF/deployment-application.xml"/>
				<exclude name="optimization/**/*.*"/>
                <exclude name="properties/*.*"/>
                <exclude name="properties/domainchecker/*.*"/>
                <exclude name="properties/iloglicense/*.*"/>
                <exclude name="properties/product/*.*"/>
                <exclude name="properties/registry-extensions/*.*"/>
				<exclude name="resources/**/*.*"/>
				<exclude name="*.bat"/>
				<exclude name="*.cmd"/>
				<exclude name="*.sh"/>
			</fileset>
			<fileset dir="${maximo.deploydir.temp}">
				<include name="**/*.war"/>
				<include name="${maximo.businessobjectsjarfile}"/>
				<include name="${maximo.commonwebjarfile}"/>
				<include name="${maximo.propertiesjarfile}"/>
				<include name="${maximo.mboejbclientjarfile}"/>
				<include name="${maximo.mboejbjarfile}"/>
				<include name="${maximo.mbojavajarfile}"/>
			</fileset>
		</ear>
		<delete>
			<fileset dir="${maximo.deploydir.temp}">
				<include name="**/*.war"/>
				<include name="**/*.jar"/>
				<include name="**/maximo.properties"/>
			</fileset>
			<fileset dir="${maximo.deploydir.temp}/properties">
				<include name="**/*.*"/>
			</fileset>
		</delete>
		<delete dir="${maximo.deploydir.temp}"/>
	</target>

	<target name="clean" depends="init"
	        description="removes existing EAR, WAR, JAR files">
		<delete>
			<fileset dir="${maximo.deploydir.temp}">
				<include name="*.*"/>
			</fileset>
		</delete>
		<delete>
			<fileset dir="${maximo.deploydir}">
				<include name="${maximo.earfile}"/>
			</fileset>
		</delete>
		<delete dir="${maximo.deploydir.temp}"/>
	</target>

</project>