<?xml version="1.0" encoding="UTF-8"?>
<product>
	<name>NS-Release</name>
	<version>
		<major>7</major>
		<minor>6</minor>
		<modlevel>0</modlevel>
		<patch>10</patch>
		<build>S192.5</build>
	</version>
	<dbmaxvarname>NTUPG</dbmaxvarname>
	<dbscripts>NedTrain</dbscripts>
	<dbversion>V7610-01</dbversion>
	<lastdbversion>V7610-01</lastdbversion>

	<extensions>
		<!-- 
			nl.nedtrain.app.arrivals 
		-->		
<!--		<field objectname='NTPLANARRIVAL' attributename='NTOVERSTAND' extends='psdi.mbo.MboValueAdapter'>nl.nedtrain.app.arrivals.NTFldNTPlanArrivalNTOverstand</field>-->
<!--		<field objectname='NTPLANBASE' attributename='NTPLANDATE' extends='psdi.mbo.MboValueAdapter'>nl.nedtrain.app.arrivals.NTFldNTPlanBaseNTPlandate</field>-->
<!--		<field objectname='NTPLANBASE' attributename='NTWEEKDAY' extends='psdi.mbo.MboValueAdapter'>nl.nedtrain.app.arrivals.NTFldNTPlanBaseNTWeekday</field>-->
<!--		<mbo objectname='NTMBUPDATE' extends='psdi.mbo.Mbo'>nl.nedtrain.app.arrivals.NTMbUpdate</mbo>-->
<!--		<mboset objectname='NTMBUPDATE' extends='psdi.mbo.MboSet'>nl.nedtrain.app.arrivals.NTMbUpdateSet</mboset>-->
<!--		<mbo objectname='NTPLANARRIVAL' extends='psdi.mbo.Mbo'>nl.nedtrain.app.arrivals.NTPlanArrival</mbo>-->
<!--		<mboset objectname='NTPLANARRIVAL' extends='psdi.mbo.MboSet'>nl.nedtrain.app.arrivals.NTPlanArrivalSet</mboset>-->
<!--		<mbo objectname='NTPLANBASE' extends='psdi.mbo.Mbo'>nl.nedtrain.app.arrivals.NTPlanBase</mbo>-->
<!--		<mboset objectname='NTPLANBASE' extends='psdi.mbo.MboSet'>nl.nedtrain.app.arrivals.NTPlanBaseSet</mboset>-->
		
		<!-- 
			nl.nedtrain.app.asset 
		-->		
		<mbo objectname='ASSET' extends='psdi.plust.app.asset.PlusTAsset'>nl.nedtrain.app.asset.NTAsset</mbo>
		<mboset objectname='ASSET' extends='psdi.plust.app.asset.PlusTAssetSet'>nl.nedtrain.app.asset.NTAssetSet</mboset>
		<mbo objectname='ASSETMETER' extends='psdi.plust.app.asset.PlusTAssetMeter'>nl.nedtrain.app.asset.NTAssetMeter</mbo>
		<mboset objectname='ASSETMETER' extends='psdi.plust.app.asset.PlusTAssetMeterSet'>nl.nedtrain.app.asset.NTAssetMeterSet</mboset>
		<mbo objectname='ASSETTRANS' extends='psdi.plusa.app.asset.PlusAAssetTrans'>nl.nedtrain.app.asset.NTAssetTrans</mbo>
		<mboset objectname='ASSETTRANS' extends='psdi.plusa.app.asset.PlusAAssetTransSet'>nl.nedtrain.app.asset.NTAssetTransSet</mboset>
		<mbo objectname='ASSETSPEC' extends='psdi.app.asset.AssetSpec'>nl.nedtrain.app.asset.NTAssetSpec</mbo>
		<mboset objectname='ASSETSPEC' extends='psdi.app.asset.AssetSpecSet'>nl.nedtrain.app.asset.NTAssetSpecSet</mboset>
<!--		<mbo objectname='NTMETERREADINGQUEUE' extends='psdi.mbo.custapp.CustomMbo'>nl.nedtrain.app.asset.NTMeterReadingQueue</mbo>-->
<!--		<mboset objectname='NTMETERREADINGQUEUE' extends='psdi.mbo.custapp.CustomMboSet'>nl.nedtrain.app.asset.NTMeterReadingQueueSet</mboset>-->
		<mbo objectname='NTMOVEASSET' extends='psdi.mbo.NonPersistentMbo'>nl.nedtrain.app.asset.virtual.NTMoveAsset</mbo>
		<mboset objectname='NTMOVEASSET' extends='psdi.mbo.NonPersistentMboSet'>nl.nedtrain.app.asset.virtual.NTMoveAssetSet</mboset>



		<field objectname='ASSET' attributename='ITEMNUM' extends='psdi.plust.app.asset.PlusTFldAssetItemnum'>nl.nedtrain.app.asset.NTFldAssetItemnum</field>
<!--		<field objectname='ASSET' attributename='NTKIOSKTASKSINPR' extends='psdi.mbo.MboValueAdapter'>nl.nedtrain.app.asset.NTFldAssetKiosk</field>-->
<!--		<field objectname='ASSET' attributename='NTKIOSKTASKSTOTAL' extends='psdi.mbo.MboValueAdapter'>nl.nedtrain.app.asset.NTFldAssetKiosk</field>-->
<!--		<field objectname='ASSET' attributename='NTKIOSKTASKSTODO' extends='psdi.mbo.MboValueAdapter'>nl.nedtrain.app.asset.NTFldAssetKiosk</field>-->
<!--		<field objectname='ASSET' attributename='NTKIOSKTASKSDONE' extends='psdi.mbo.MboValueAdapter'>nl.nedtrain.app.asset.NTFldAssetKiosk</field>-->
<!--		<field objectname='ASSET' attributename='NTKIOSKTASKSTOEG' extends='psdi.mbo.MboValueAdapter'>nl.nedtrain.app.asset.NTFldAssetKiosk</field>-->
<!--		<field objectname='ASSET' attributename='NTKIOSKTASKSSTART' extends='psdi.mbo.MboValueAdapter'>nl.nedtrain.app.asset.NTFldAssetKiosk</field>-->

<!--		<field objectname='ASSET' attributename='NTKIOSKCURTIME' extends='psdi.mbo.MboValueAdapter'>nl.nedtrain.app.asset.NTFldAssetKioskCurTime</field>-->
<!--		<field objectname='ASSET' attributename='NTKIOSKINSPWOS' extends='psdi.mbo.MboValueAdapter'>nl.nedtrain.app.asset.NTFldAssetKioskInspWos</field>-->
<!--		<field objectname='ASSET' attributename='NTKIOSKRSNMAINTDESC' extends='psdi.mbo.MboValueAdapter'>nl.nedtrain.app.asset.NTFldAssetKioskRsnMaint</field>-->
<!--		<field objectname='ASSET' attributename='NTKIOSKTIMETOGO' extends='psdi.mbo.MboValueAdapter'>nl.nedtrain.app.asset.NTFldAssetKioskTimeToGo</field>-->
<!--		<field objectname='ASSET' attributename='NTKIOSKWPREASONDESC' extends='psdi.mbo.MboValueAdapter'>nl.nedtrain.app.asset.NTFldAssetKioskWpReason</field>-->
<!--		<field objectname='ASSET' attributename='NTKIOSKPSAVG' extends='psdi.mbo.MboValueAdapter'>nl.nedtrain.app.asset.NTFldAssetKioskPSAvg</field>		-->

<!--		<field objectname='ASSET' attributename='NTMAINTARRIVAL' extends='psdi.mbo.MboValueAdapter'>nl.nedtrain.app.asset.NTFldAssetMaintArrival</field>-->
<!--		<field objectname='ASSET' attributename='NTMAINTDEPARTURE' extends='psdi.mbo.MboValueAdapter'>nl.nedtrain.app.asset.NTFldAssetMaintDeparture</field>-->
<!--		<field objectname='ASSET' attributename='NTWORKLOCATION' extends='psdi.mbo.MboValueAdapter'>nl.nedtrain.app.asset.NTFldAssetWorkLocation</field>-->
		<field objectname='ASSET' attributename='NTRSNMAINT' extends='psdi.mbo.MboValueAdapter'>nl.nedtrain.app.asset.NTFldReasonMaintenance</field>
		<field objectname='ASSETMETER' attributename='NEWREADING' extends='psdi.plust.app.asset.PlusTFldAssetMeterNewReading'>nl.nedtrain.app.asset.NTFLDAssetMeterNewReading</field>
<!--		<field objectname='ASSETMETER' attributename='NTLASTREADINGNUM' extends='psdi.mbo.MboValueAdapter'>nl.nedtrain.app.asset.NTFldLastReadingNum</field>-->
		<!-- 
			nl.nedtrain.app.common 
		-->		
		<field objectname='MODAVAIL' attributename='STARTTIME' extends='psdi.app.common.FldCommonPersonAvailDate'>nl.nedtrain.app.common.NTFldCommonPersonAvailDate</field>
		<field objectname='MODAVAIL' attributename='ENDTIME' extends='psdi.app.common.FldCommonPersonAvailDate'>nl.nedtrain.app.common.NTFldCommonPersonAvailDate</field>
<!--		<mbo objectname='NTCALLSCRIPTQUESTION' extends='psdi.mbo.custapp.NonPersistentCustomMbo'>nl.nedtrain.app.common.NTCallScript</mbo>-->
<!--		<mboset objectname='NTCALLSCRIPTQUESTION' extends='psdi.mbo.custapp.NonPersistentCustomMboSet'>nl.nedtrain.app.common.NTCallScriptSet</mboset>-->

	

		<!-- 
			nl.nedtrain.app.inventory 
		-->		
		<field objectname='ASSETTRANS' attributename='WONUM' extends='psdi.mbo.MboValueAdapter'>nl.nedtrain.app.inventory.NTFldAssetTransWoNum</field>
		<field objectname='INVCOST' attributename='CONDITIONCODE' extends='psdi.app.inventory.FldInvCostConditionCode'>nl.nedtrain.app.inventory.NTFldInvCostConditionCode</field>
		<field objectname='INVRESERVE' attributename='NTUSEDQTY' extends='psdi.mbo.MboValueAdapter'>nl.nedtrain.app.inventory.NTFldInvReserveNTUsedQty</field>
		<field objectname='MATUSETRANS' attributename='CONDITIONCODE' extends='psdi.app.inventory.FldMatUseTransConditionCode'>nl.nedtrain.app.inventory.NTFldMatUseTransConditionCode</field>
		<field objectname='MATUSETRANS' attributename='ITEMNUM' extends='psdi.plust.app.inventory.PlusTFldMatUseTransItemNum'>nl.nedtrain.app.inventory.NTFldMatUseTransItemNum</field>
		<field objectname='MATUSETRANS' attributename='REFWO' extends='psdi.plust.app.inventory.PlusTFldMatUseTransRefWO'>nl.nedtrain.app.inventory.NTFldMatUseTransRefWO</field>
		<field objectname='MATUSETRANS' attributename='STORELOC' extends='psdi.app.inventory.FldMatUseTransStoreloc'>nl.nedtrain.app.inventory.NTFldMatUseTransStoreloc</field>
<!--		<field objectname='MATUSETRANS' attributename='NTCOMTRACKNUM' extends='psdi.mbo.MboValueAdapter'>nl.nedtrain.app.inventory.NTFLDComtracknum</field>-->
		<mbo objectname='INVBALANCES' extends='psdi.app.inventory.InvBalances'>nl.nedtrain.app.inventory.NTInvBalances</mbo>
		<mboset objectname='INVBALANCES' extends='psdi.app.inventory.InvBalancesSet'>nl.nedtrain.app.inventory.NTInvBalancesSet</mboset>
		<mbo objectname='INVENTORY' extends='psdi.plust.app.inventory.PlusTInventory'>nl.nedtrain.app.inventory.NTInventory</mbo>
		<mboset objectname='INVENTORY' extends='psdi.plust.app.inventory.PlusTInventorySet'>nl.nedtrain.app.inventory.NTInventorySet</mboset>
		<field objectname='INVENTORY' attributename='NTSAPTOTALQTY' extends='psdi.mbo.MboValueAdapter'>nl.nedtrain.app.inventory.NTFldInventorySapBalance</field>
		<mbo objectname='MATUSETRANS' extends='psdi.plust.app.inventory.PlusTMatUseTrans'>nl.nedtrain.app.inventory.NTMatUseTrans</mbo>
		<mboset objectname='MATUSETRANS' extends='psdi.plust.app.inventory.PlusTMatUseTransSet'>nl.nedtrain.app.inventory.NTMatUseTransSet</mboset>
		
		<!-- 
			nl.nedtrain.dm 
		-->		
		<mbo objectname='DMPKGCFGGRPDEF' extends='psdi.dm.DMPkgCfgGrpDef'>nl.nedtrain.dm.NTDMPkgCfgGrpDef</mbo>
		<mboset objectname='DMPKGCFGGRPDEF' extends='psdi.dm.DMPkgCfgGrpDefSet'>nl.nedtrain.dm.NTDMPkgCfgGrpDefSet</mboset>
	
		<!-- 
			nl.nedtrain.app.item
		-->		
		<mbo objectname='ITEM' extends='psdi.plust.app.item.PlusTItem'>nl.nedtrain.app.item.NTItem</mbo>
		<mboset objectname='ITEM' extends='psdi.plust.app.item.PlusTItemSet'>nl.nedtrain.app.item.NTItemSet</mboset>


		<!-- 
			nl.nedtrain.app.jobplan
		-->		
		<mbo objectname='NTCLMASTER' extends='psdi.mbo.Mbo'>nl.nedtrain.app.jobplan.NTCLMaster</mbo>
		<mboset objectname='NTCLMASTER' extends='psdi.mbo.MboSet'>nl.nedtrain.app.jobplan.NTCLMasterSet</mboset>
		<mbo objectname='NTCLMASTERTASK' extends='psdi.mbo.Mbo'>nl.nedtrain.app.jobplan.NTCLMasterTask</mbo>
		<mboset objectname='NTCLMASTERTASK' extends='psdi.mbo.MboSet'>nl.nedtrain.app.jobplan.NTCLMasterTaskSet</mboset>
		<field objectname='JOBMATERIAL' attributename='ITEMNUM' extends='psdi.plust.app.jobplan.PlusTFldJobMaterialItemNum'>nl.nedtrain.app.jobplan.NTFldJobMaterialItemNum</field>
		<field objectname='JOBMATERIAL' attributename='LOCATION' extends='psdi.app.jobplan.FldJobMaterialLocation'>nl.nedtrain.app.jobplan.NTFldJobMaterialLocation</field>
		<field objectname='NTMAINTTABLE' attributename='NTDTHOURS' extends='psdi.mbo.MboValueAdapter'>nl.nedtrain.app.jobplan.NTFldMaintTableDtHours</field>
		<field objectname='NTMAINTTABLE' attributename='NTENDDAY' extends='psdi.mbo.MboValueAdapter'>nl.nedtrain.app.jobplan.NTFldMaintTableEndDay</field>
		<field objectname='NTMAINTTABLE' attributename='NTENDTIME' extends='psdi.mbo.MboValueAdapter'>nl.nedtrain.app.jobplan.NTFldMaintTableEndTime</field>
		<field objectname='NTMAINTTABLE' attributename='NTSTARTDAY' extends='psdi.mbo.MboValueAdapter'>nl.nedtrain.app.jobplan.NTFldMaintTableStartDay</field>
		<field objectname='NTMAINTTABLE' attributename='NTSTARTTIME' extends='psdi.mbo.MboValueAdapter'>nl.nedtrain.app.jobplan.NTFldMaintTableStartTime</field>
		<mbo objectname='NTMAINTTABLE' extends='psdi.mbo.Mbo'>nl.nedtrain.app.jobplan.NTMaintTable</mbo>
		<mboset objectname='NTMAINTTABLE' extends='psdi.mbo.MboSet'>nl.nedtrain.app.jobplan.NTMaintTableSet</mboset>

		<!-- 
			nl.nedtrain.app.location
		-->		
		<mbo objectname='LOCATIONS' extends='psdi.plust.app.location.PlusTLocation'>nl.nedtrain.app.location.NTLocation</mbo>
		<mboset objectname='LOCATIONS' extends='psdi.plust.app.location.PlusTLocationSet'>nl.nedtrain.app.location.NTLocationSet</mboset>

		<!-- 
			nl.nedtrain.app.masterpm
		-->		
		<mbo objectname='MASTERPM' extends='psdi.plust.app.masterpm.PlusTMasterPM'>nl.nedtrain.app.masterpm.NTMasterPM</mbo>
		<mboset objectname='MASTERPM' extends='psdi.plust.app.masterpm.PlusTMasterPMSet'>nl.nedtrain.app.masterpm.NTMasterPMSet</mboset>
<!--		<field objectname='MASTERPM' attributename='NTEXECUTEFREQUENCY' extends='psdi.mbo.MboValueAdapter'>nl.nedtrain.app.masterpm.NTFldExecuteFrequency</field>-->

		<!-- 
			nl.nedtrain.app.masterpmmeter
		-->		
<!--		<field objectname='MASTERPMMETER' attributename='NTEXECUTEFREQUENCY' extends='psdi.mbo.MboValueAdapter'>nl.nedtrain.app.masterpm.NTFldExecuteFrequency</field>-->

		<!-- 
			nl.nedtrain.app.meter
		-->		
<!--		<mboset objectname='METER' extends='psdi.plusa.app.meter.PlusAMeterSet'>nl.nedtrain.app.meter.NTPlusAMeterSet</mboset>-->

		<!--
			nl.nedtrain.app.multiassetlocci
		-->
		<mbo objectname='MULTIASSETLOCCI' extends='psdi.plust.app.workorder.PlusTMultiAssetLocCI'>nl.nedtrain.app.multiassetlocci.NTMultiAssetLocCI</mbo>
		<mboset objectname='MULTIASSETLOCCI' extends='psdi.plust.app.workorder.PlusTMultiAssetLocCISet'>nl.nedtrain.app.multiassetlocci.NTMultiAssetLocCISet</mboset>

		<!--
			nl.nedtrain.app.plusalf
		-->		
		<mbo objectname='PLUSALFEVENT' extends='psdi.plusa.app.plusalf.PlusALFEvent'>nl.nedtrain.app.plusalf.NTPlusALFEvent</mbo>
		<mboset objectname='PLUSALFEVENT' extends='psdi.plusa.app.plusalf.PlusALFEventSet'>nl.nedtrain.app.plusalf.NTPlusALFEventSet</mboset>
		<mbo objectname='NTALFEVENTPERSIST' extends='psdi.mbo.custapp.CustomMbo'>nl.nedtrain.app.plusalf.NTALFEventPersist</mbo>
		<mboset objectname='NTALFEVENTPERSIST' extends='psdi.mbo.custapp.CustomMboSet'>nl.nedtrain.app.plusalf.NTALFEventPersistSet</mboset>

		<!-- 
			nl.nedtrain.app.plusanewas

		<mbo objectname='PLUSANEWASSET' extends='psdi.plusa.app.plusanewas.PlusANewAssetRec'>nl.nedtrain.app.plusanewas.NTPlusANewAssetRec</mbo>
		<mboset objectname='PLUSANEWASSET' extends='psdi.plusa.app.plusanewas.PlusANewAssetRecSet'>nl.nedtrain.app.plusanewas.NTPlusANewAssetRecSet</mboset>
		-->		
		<mbo objectname='PLUSANEWASSET' extends='psdi.plusa.app.plusanewas.PlusANewAsset'>nl.nedtrain.app.plusanewas.NTPlusANewAssetRec</mbo>
		<mboset objectname='PLUSANEWASSET' extends='psdi.plusa.app.plusanewas.PlusANewAssetSet'>nl.nedtrain.app.plusanewas.NTPlusANewAssetRecSet</mboset>
		<mbo objectname='PLUSANEWSUB' extends='psdi.plusa.app.plusanewas.PlusANewSub'>nl.nedtrain.app.plusanewas.NTPlusANewSub</mbo>
		<mboset objectname='PLUSANEWSUB' extends='psdi.plusa.app.plusanewas.PlusANewSubSet'>nl.nedtrain.app.plusanewas.NTPlusANewSubSet</mboset>
		<field objectname='PLUSANEWASSET' attributename='LABEL' extends='psdi.plusa.app.plusanewas.PlusAFldNewSubLabel'>nl.nedtrain.app.asset.NTFldNewAssetLabel</field>
		<field objectname='PLUSANEWSUB' attributename='LABEL' extends='psdi.plusa.app.plusanewas.PlusAFldNewSubLabel'>nl.nedtrain.app.asset.NTFldNewAssetLabel</field>
		
		<!-- 
			nl.nedtrain.app.plusasa
		-->		
		<mbo objectname='PLUSASAONOFF' extends='psdi.plusa.app.plusasa.PlusASAOnOff'>nl.nedtrain.app.plusasa.NTPlusASAOnOff</mbo>
		<mboset objectname='PLUSASAONOFF' extends='psdi.plusa.app.plusasa.PlusASAOnOffSet'>nl.nedtrain.app.plusasa.NTPlusASAOnOffSet</mboset>

		<!-- 
			nl.nedtrain.app.pluspcustagree.billingschedule
		-->		
<!--		<mbo objectname='PLUSPBSASSET' extends='psdi.plusp.app.pluspcustagree.billingschedule.PlusPBSAsset'>nl.nedtrain.app.pluspcustagree.billingschedule.NTPlusPBSAsset</mbo>-->
<!--		<mboset objectname='PLUSPBSASSET' extends='psdi.plusp.app.pluspcustagree.billingschedule.PlusPBSAssetSet'>nl.nedtrain.app.pluspcustagree.billingschedule.NTPlusPBSAssetSet</mboset>-->
<!--		<mbo objectname='PLUSPBSFIXED' extends='psdi.plusp.app.pluspcustagree.billingschedule.PlusPBSFixed'>nl.nedtrain.app.pluspcustagree.billingschedule.NTPlusPBSFixed</mbo>-->
<!--		<mboset objectname='PLUSPBSFIXED' extends='psdi.plusp.app.pluspcustagree.billingschedule.PlusPBSFixedSet'>nl.nedtrain.app.pluspcustagree.billingschedule.NTPlusPBSFixedSet</mboset>-->
<!--		<mbo objectname='PLUSPBSITEMLIST' extends='psdi.plusp.app.pluspcustagree.billingschedule.PlusPBSItemList'>nl.nedtrain.app.pluspcustagree.billingschedule.NTPlusPBSItemList</mbo>-->
<!--		<mboset objectname='PLUSPBSITEMLIST' extends='psdi.plusp.app.pluspcustagree.billingschedule.PlusPBSItemListSet'>nl.nedtrain.app.pluspcustagree.billingschedule.NTPlusPBSItemListSet</mboset>-->
<!--		<mbo objectname='PLUSPBSSCHEDUSE' extends='psdi.plusp.app.pluspcustagree.billingschedule.PlusPBSSchedUse'>nl.nedtrain.app.pluspcustagree.billingschedule.NTPlusPBSSchedUse</mbo>-->
<!--		<mboset objectname='PLUSPBSSCHEDUSE' extends='psdi.plusp.app.pluspcustagree.billingschedule.PlusPBSSchedUseSet'>nl.nedtrain.app.pluspcustagree.billingschedule.NTPlusPBSSchedUseSet</mboset>-->
<!--		<mbo objectname='PLUSPBSSERVLIST' extends='psdi.plusp.app.pluspcustagree.billingschedule.PlusPBSServList'>nl.nedtrain.app.pluspcustagree.billingschedule.NTPlusPBSServList</mbo>-->
<!--		<mboset objectname='PLUSPBSSERVLIST' extends='psdi.plusp.app.pluspcustagree.billingschedule.PlusPBSServListSet'>nl.nedtrain.app.pluspcustagree.billingschedule.NTPlusPBSServListSet</mboset>-->

		<!-- 
			nl.nedtrain.app.pluspusagemeter
		-->		
<!--		<mbo objectname='PLUSPACTUALUSAGE' extends='psdi.plusp.app.pluspusagemeter.PlusPActualUsage'>nl.nedtrain.app.pluspusagemeter.NTPlusPActualUsage</mbo>-->
<!--		<mboset objectname='PLUSPACTUALUSAGE' extends='psdi.plusp.app.pluspusagemeter.PlusPActualUsageSet'>nl.nedtrain.app.pluspusagemeter.NTPlusPActualUsageSet</mboset>-->

		<!-- 
			nl.nedtrain.app.pm
		-->		
		<field objectname='PM' attributename='NTEARLIESTDUEDATE' extends='psdi.mbo.MboValueAdapter'>nl.nedtrain.app.pm.NTFldEarliestNextDueDate</field>
		<mbo objectname='PM' extends='psdi.plust.app.pm.PlusTPM'>nl.nedtrain.app.pm.NTPM</mbo>
		<mboset objectname='PM' extends='psdi.plust.app.pm.PlusTPMSet'>nl.nedtrain.app.pm.NTPMSet</mboset>
		<mbo objectname='PMFORECASTMATERIAL' extends='psdi.mbo.custapp.CustomMbo'>nl.nedtrain.app.pm.NTPMForecastMaterial</mbo>
		<mboset objectname='PMFORECASTMATERIAL' extends='psdi.mbo.custapp.CustomMboSet'>nl.nedtrain.app.pm.NTPMForecastMaterialSet</mboset>
		<mbo objectname='PMFORECAST' extends='psdi.plusa.app.pm.PlusAPMForecast'>nl.nedtrain.app.pm.NTPMForecast</mbo>
		<mboset objectname='PMFORECAST' extends='psdi.plusa.app.pm.PlusAPMForecastSet'>nl.nedtrain.app.pm.NTPMForecastSet</mboset>
		<field objectname='PM' attributename='FORECASTEXISTS' extends='psdi.app.pm.FldPMForecastExists'>nl.nedtrain.app.pm.NTFldPMForecastExists</field>

		<!-- 
			nl.nedtrain.app.qual
		-->		
        <service servicename='QUAL' extends='psdi.app.qual.QualService'>nl.nedtrain.app.qual.NTPlusTQualService</service>

		<!-- 
			nl.nedtrain.app.ticket
		-->


		<field objectname='SR' attributename='NTDIAGCODEMAT' extends='psdi.mbo.MboValueAdapter'>nl.nedtrain.app.ticket.NTFldSRDiagCodeMat</field>
		<field objectname='SR' attributename='NTSTRTRAIN' extends='psdi.mbo.MboValueAdapter'>nl.nedtrain.app.ticket.NTFldSTRTrain</field>
		<mbo objectname='SR' extends='psdi.app.ticket.SR'>nl.nedtrain.app.ticket.NTSR</mbo>
		<mboset objectname='SR' extends='psdi.app.ticket.SRSet'>nl.nedtrain.app.ticket.NTSRSet</mboset>
		<mbo objectname='WORKLOG' extends='psdi.app.ticket.WorkLog'>nl.nedtrain.app.ticket.NTWorkLog</mbo>
		<mboset objectname='WORKLOG' extends='psdi.app.ticket.WorkLogSet'>nl.nedtrain.app.ticket.NTWorkLogSet</mboset>
		<field objectname='SR' attributename='NTQPROFIEL' extends='psdi.mbo.MboValueAdapter'>nl.nedtrain.app.ticket.NTFldQProfiel</field>
		<field objectname='PLUSTVR' attributename='NTQPROFIEL' extends='psdi.mbo.MboValueAdapter'>nl.nedtrain.app.ticket.NTFldQProfiel</field>
		<field objectname='WOACTIVITY' attributename='NTQPROFIEL' extends='psdi.mbo.MboValueAdapter'>nl.nedtrain.app.ticket.NTFldQProfiel</field>
		<field objectname='WOCHANGE' attributename='NTQPROFIEL' extends='psdi.mbo.MboValueAdapter'>nl.nedtrain.app.ticket.NTFldQProfiel</field>
		<field objectname='WORELEASE' attributename='NTQPROFIEL' extends='psdi.mbo.MboValueAdapter'>nl.nedtrain.app.ticket.NTFldQProfiel</field>
		<field objectname='WORKORDER' attributename='NTQPROFIEL' extends='psdi.mbo.MboValueAdapter'>nl.nedtrain.app.ticket.NTFldQProfiel</field>


		<!-- 
			nl.nedtrain.app.tr
		-->
		<!-- Uitzoeken: onderstaande error bij draaien updatedb
		error: Stubs are only needed for classes that directly implement an interface that extends java.rmi.Remote; class nl.nedtrain.app.tr.NTTRSet does not directly implement a remote interface.
	 	-->
		<mbo objectname='PLUSATR' extends='psdi.plusa.app.plusatr.PlusATR'>nl.nedtrain.app.tr.NTTR</mbo>
		<mboset objectname='PLUSATR' extends='psdi.plusa.app.plusatr.PlusATRSet'>nl.nedtrain.app.tr.NTTRSet</mboset>
		<!--
			nl.nedtrain.app.workorder
		-->		
		<mbo objectname='ASSIGNMENT' extends='psdi.plust.app.workorder.PlusTAssignment'>nl.nedtrain.app.workorder.NTAssignment</mbo>
		<mboset objectname='ASSIGNMENT' extends='psdi.plust.app.workorder.PlusTAssignmentSet'>nl.nedtrain.app.workorder.NTAssignmentSet</mboset>
		<mbo objectname='NTCHECKLIST' extends='psdi.mbo.Mbo'>nl.nedtrain.app.workorder.NTChecklist</mbo>
		<mboset objectname='NTCHECKLIST' extends='psdi.mbo.MboSet'>nl.nedtrain.app.workorder.NTChecklistSet</mboset>
		<mbo objectname='NTCHECKLISTTASK' extends='psdi.mbo.Mbo'>nl.nedtrain.app.workorder.NTChecklistTask</mbo>
		<mboset objectname='NTCHECKLISTTASK' extends='psdi.mbo.MboSet'>nl.nedtrain.app.workorder.NTChecklistTaskSet</mboset>
		<mbo objectname='NTCLTASKFOLLOWUPWO' extends='psdi.mbo.custapp.CustomMbo'>nl.nedtrain.app.workorder.NTCLTaskFollowUpWO</mbo>
		<mboset objectname='NTCLTASKFOLLOWUPWO' extends='psdi.mbo.custapp.CustomMboSet'>nl.nedtrain.app.workorder.NTCLTaskFollowUpWOSet</mboset>
		<field objectname='TOOLTRANS' attributename='ACTUALSTASKID' extends='psdi.plust.app.workorder.PlusTFldActualsTaskID'>nl.nedtrain.app.workorder.NTFldActualsTaskID</field>
		<field objectname='MATUSETRANS' attributename='ACTUALSTASKID' extends='psdi.plust.app.workorder.PlusTFldActualsTaskID'>nl.nedtrain.app.workorder.NTFldActualsTaskID</field>
		<field objectname='LABTRANS' attributename='ACTUALSTASKID' extends='psdi.plust.app.workorder.PlusTFldActualsTaskID'>nl.nedtrain.app.workorder.NTFldActualsTaskID</field>
		<field objectname='NTCHECKLIST' attributename='COMPLETED' extends='psdi.mbo.MboValueAdapter'>nl.nedtrain.app.workorder.NTFldCLCompleted</field>
		<field objectname='NTCHECKLIST' attributename='DEFECTS' extends='psdi.mbo.MboValueAdapter'>nl.nedtrain.app.workorder.NTFldCLDefects</field>
		<field objectname='NTCHECKLISTTASK' attributename='CHECKED' extends='psdi.mbo.MboValueAdapter'>nl.nedtrain.app.workorder.NTFldCLTaskChecked</field>
		<field objectname='NTCHECKLISTTASK' attributename='DEFECT' extends='psdi.mbo.MboValueAdapter'>nl.nedtrain.app.workorder.NTFldCLTaskDefect</field>
		<field objectname='NTCHECKLISTTASK' attributename='NTFTRNO' extends='psdi.mbo.MboValueAdapter'>nl.nedtrain.app.workorder.NTFldCLTaskFTRNo</field>
		<field objectname='NTCHECKLISTTASK' attributename='NTFTRYES' extends='psdi.mbo.MboValueAdapter'>nl.nedtrain.app.workorder.NTFldCLTaskFTRYes</field>
		<field objectname='NTCHECKLISTTASK' attributename='NTVALUE' extends='psdi.mbo.MboValueAdapter'>nl.nedtrain.app.workorder.NTFldCLTaskValue</field>
		<field objectname='NTCHECKLISTTASK' attributename='NTVALUEALPHA' extends='psdi.mbo.MboValueAdapter'>nl.nedtrain.app.workorder.NTFldCLTaskValueAlpha</field>
		<!--<field objectname='WORKORDER' attributename='ASSETNUM' extends='psdi.plust.app.workorder.PlusTFldWOAssetnum'>nl.nedtrain.app.workorder.NTFldWOAssetnum</field>-->
		<field objectname='WORKORDER' attributename='NTDIAGCODEMAT' extends='psdi.mbo.MboValueAdapter'>nl.nedtrain.app.workorder.NTFldWODiagCodeMat</field>
		<field objectname='WORKORDER' attributename='NTMAINTTABLE' extends='psdi.mbo.MAXTableDomain'>nl.nedtrain.app.workorder.NTFldWOMaintTable</field>
		<field objectname='WORKORDER' attributename='NTCLNUM' extends='psdi.mbo.MAXTableDomain'>nl.nedtrain.app.workorder.NTFldWONTCLNum</field>
		<field objectname='PLUSTVR' attributename='NTCLNUM' extends='psdi.mbo.MAXTableDomain'>nl.nedtrain.app.workorder.NTFldWONTCLNum</field>
		<field objectname='WOCHANGE' attributename='NTCLNUM' extends='psdi.mbo.MAXTableDomain'>nl.nedtrain.app.workorder.NTFldWONTCLNum</field>
		<field objectname='WORELEASE' attributename='NTCLNUM' extends='psdi.mbo.MAXTableDomain'>nl.nedtrain.app.workorder.NTFldWONTCLNum</field>
		<field objectname='WOACTIVITY' attributename='NTCLNUM' extends='psdi.mbo.MAXTableDomain'>nl.nedtrain.app.workorder.NTFldWONTCLNum</field>
		<field objectname='WORKORDER' attributename='NTWORKLOCATION' extends='psdi.mbo.MboValueAdapter'>nl.nedtrain.app.workorder.NTFldWONTWorkLocation</field>
		<field objectname='WORKORDER' attributename='WORKTYPE' extends='psdi.plust.app.workorder.PlusTFldWorkType'>nl.nedtrain.app.workorder.NTFldWorkType</field>
		<field objectname='WORKORDER' attributename='WORKLOCATION' extends='psdi.app.workorder.FldWOWorkLocation'>nl.nedtrain.app.workorder.NTFldWOWorkLocation</field>
		<field objectname='WPMATERIAL' attributename='ITEMNUM' extends='psdi.plust.app.workorder.PlusTFldWpMatItemNum'>nl.nedtrain.app.workorder.NTFldWpMatItemNum</field>
		<field objectname='WPMATERIAL' attributename='LOCATION' extends='psdi.app.workorder.FldWpMatLocation'>nl.nedtrain.app.workorder.NTFldWpMatLocation</field>
		<field objectname='WPMATERIAL' attributename='NTSAPBALANCE' extends='psdi.mbo.MboValueAdapter'>nl.nedtrain.app.workorder.NTFldSapBalance</field>
		<field objectname='ASSIGNMENT' attributename='PLUSTINTERPTREASON' extends='psdi.mbo.MboValueAdapter'>nl.nedtrain.app.workorder.NTFldInterptReason</field>
		<field objectname='WOACTIVITY' attributename='JOBTASKID' extends='psdi.mbo.MboValueAdapter'>nl.nedtrain.app.workorder.NTFldWOActivityJobTaskID</field>
		<mbo objectname='PLUSADEF' extends='psdi.plusa.app.workorder.PlusADeferral'>nl.nedtrain.app.workorder.NTPlusADeferral</mbo>
		<mboset objectname='PLUSADEF' extends='psdi.plusa.app.workorder.PlusADeferralSet'>nl.nedtrain.app.workorder.NTPlusADeferralSet</mboset>
		<mbo objectname='WMASSIGNMENT' extends='psdi.plust.app.workorder.PlusTWMAssignment'>nl.nedtrain.app.workorder.NTWMAssignment</mbo>
		<mboset objectname='WMASSIGNMENT' extends='psdi.plust.app.workorder.PlusTWMAssignmentSet'>nl.nedtrain.app.workorder.NTWMAssignmentSet</mboset>
		<mbo objectname='WORKORDER' extends='psdi.plust.app.workorder.PlusTWO'>nl.nedtrain.app.workorder.NTWO</mbo>
		<mbo objectname='WOACTIVITY' extends='psdi.plust.app.workorder.PlusTWOActivity'>nl.nedtrain.app.workorder.NTWOActivity</mbo>
		<mboset objectname='WOACTIVITY' extends='psdi.plust.app.workorder.PlusTWOActivitySet'>nl.nedtrain.app.workorder.NTWOActivitySet</mboset>
		<mboset objectname='PLUSTWOQUALREQ' extends='psdi.plust.app.qual.PlusTWOQualReqSet'>nl.nedtrain.app.workorder.NTWOQualReqSet</mboset>
		<mboset objectname='WORKORDER' extends='psdi.plust.app.workorder.PlusTWOSet'>nl.nedtrain.app.workorder.NTWOSet</mboset>
		<mbo objectname='WPLABOR' extends='psdi.plust.app.workorder.PlusTWPLabor'>nl.nedtrain.app.workorder.NTWPLabor</mbo>
		<mboset objectname='WPLABOR' extends='psdi.plust.app.workorder.PlusTWPLaborSet'>nl.nedtrain.app.workorder.NTWPLaborSet</mboset>
		<mbo objectname='WPMATERIAL' extends='psdi.plust.app.workorder.PlusTWPMaterial'>nl.nedtrain.app.workorder.NTWPMaterial</mbo>
		<mboset objectname='WPMATERIAL' extends='psdi.plust.app.workorder.PlusTWPMaterialSet'>nl.nedtrain.app.workorder.NTWPMaterialSet</mboset>

		<!-- 
			nl.nedtrain.app.workorder.virtual
		-->		
		<mbo objectname='NTCORRECTIVEWO' extends='psdi.mbo.NonPersistentMbo'>nl.nedtrain.app.workorder.virtual.NTCorrectiveWO</mbo>
		<mboset objectname='NTCORRECTIVEWO' extends='psdi.mbo.NonPersistentMboSet'>nl.nedtrain.app.workorder.virtual.NTCorrectiveWOSet</mboset>
		<mboset objectname='PLUSADEFCHNGSTAT' extends='psdi.plusa.app.workorder.virtual.PlusADeferralChangeStatusSet'>nl.nedtrain.app.workorder.virtual.NTDeferralChangeStatusSet</mboset>
		<mbo objectname='DISPATCHASSIGN' extends='psdi.plust.app.workorder.virtual.PlusTDispatchAssign'>nl.nedtrain.app.workorder.virtual.NTDispatchAssign</mbo>
		<mboset objectname='DISPATCHASSIGN' extends='psdi.plust.app.workorder.virtual.PlusTDispatchAssignSet'>nl.nedtrain.app.workorder.virtual.NTDispatchAssignSet</mboset>
		<mbo objectname='NTFOLLOWUPWO' extends='psdi.mbo.NonPersistentMbo'>nl.nedtrain.app.workorder.virtual.NTFollowUpWO</mbo>
		<mboset objectname='NTFOLLOWUPWO' extends='psdi.mbo.NonPersistentMboSet'>nl.nedtrain.app.workorder.virtual.NTFollowUpWOSet</mboset>
		<mbo objectname='NTINDIRECTHRS' extends='psdi.mbo.NonPersistentMbo'>nl.nedtrain.app.workorder.virtual.NTIndirectHrs</mbo>
		<mboset objectname='NTINDIRECTHRS' extends='psdi.mbo.NonPersistentMboSet'>nl.nedtrain.app.workorder.virtual.NTIndirectHrsSet</mboset>
		<mbo objectname='NTMATWO' extends='psdi.mbo.NonPersistentMbo'>nl.nedtrain.app.workorder.virtual.NTMatWO</mbo>
		<mbo objectname='NTMATWOLINES' extends='psdi.mbo.NonPersistentMbo'>nl.nedtrain.app.workorder.virtual.NTMatWOLines</mbo>
		<mboset objectname='NTMATWOLINES' extends='psdi.mbo.NonPersistentMboSet'>nl.nedtrain.app.workorder.virtual.NTMatWOLinesSet</mboset>
		<mboset objectname='NTMATWO' extends='psdi.mbo.NonPersistentMboSet'>nl.nedtrain.app.workorder.virtual.NTMatWOSet</mboset>
		<mbo objectname='NTRELOCATEWO' extends='psdi.mbo.NonPersistentMbo'>nl.nedtrain.app.workorder.virtual.NTRelocateWO</mbo>
		<mboset objectname='NTRELOCATEWO' extends='psdi.mbo.NonPersistentMboSet'>nl.nedtrain.app.workorder.virtual.NTRelocateWOSet</mboset>
		<mbo objectname='NTREPAIRWO' extends='psdi.mbo.NonPersistentMbo'>nl.nedtrain.app.workorder.virtual.NTRepairWO</mbo>
		<mboset objectname='NTREPAIRWO' extends='psdi.mbo.NonPersistentMboSet'>nl.nedtrain.app.workorder.virtual.NTRepairWOSet</mboset>
		<mbo objectname='NTSHUNTINGWO' extends='psdi.mbo.NonPersistentMbo'>nl.nedtrain.app.workorder.virtual.NTShuntingWO</mbo>
		<mboset objectname='NTSHUNTINGWO' extends='psdi.mbo.NonPersistentMboSet'>nl.nedtrain.app.workorder.virtual.NTShuntingWOSet</mboset>
		<field objectname='WOCHANGESTATUS' attributename='STATUS' extends='psdi.plusa.app.workorder.virtual.PlusAFldWOChangeStatus'>nl.nedtrain.app.workorder.virtual.NTPlusPFldWOChangeStatus</field>
		<field objectname='NTREPAIRWO' attributename='ASSETNUM' extends='psdi.app.asset.FldAssetnum'>nl.nedtrain.app.workorder.virtual.NTFldAssetnum</field>
		<service servicename='WORKORDER' extends='psdi.app.workorder.WOService'>nl.nedtrain.app.workorder.NTCustomWOService</service>
		<mbo objectname='NTMESREMOVALWO' extends='psdi.mbo.custapp.NonPersistentCustomMbo'>nl.nedtrain.app.workorder.virtual.NTMesRemovalWo</mbo>
		<mboset objectname='NTMESREMOVALWO' extends='psdi.mbo.custapp.NonPersistentCustomMboSet'>nl.nedtrain.app.workorder.virtual.NTMesRemovalWoSet</mboset>
		<mbo objectname='NTBULKWARRANTYWO' extends='psdi.mbo.custapp.NonPersistentCustomMbo'>nl.nedtrain.app.workorder.virtual.NTBulkWarrantyWO</mbo>
		<mboset objectname='NTBULKWARRANTYWO' extends='psdi.mbo.custapp.NonPersistentCustomMboSet'>nl.nedtrain.app.workorder.virtual.NTBulkWarrantyWOSet</mboset>




		<!--
			nl.nedtrain.workpackage
		-->
		<mbo objectname='PLUSAWRKPCKG' extends='psdi.plusa.app.workpackage.PlusAWorkPackage'>nl.nedtrain.app.workpackage.NTWorkpackage</mbo>
		<mboset objectname='PLUSAWRKPCKG' extends='psdi.plusa.app.workpackage.PlusAWorkPackageSet'>nl.nedtrain.app.workpackage.NTWorkpackageSet</mboset>

		<!--
			nl.nedtrain.security
		-->		
        <service servicename='SECURITY' extends='psdi.security.SecurityService'>nl.nedtrain.security.NTSecurityService</service>

		<!--
    		nl.nedtrain.app.designer
		-->
		<field objectname='CTRLCONDPROP' attributename='PROPERTY' extends='psdi.app.designer.FldProperty'>nl.nedtrain.app.designer.NTFldProperty</field>

		<!--
			Exclude Service Provider functionality
		-->
<!--		<field objectname='JOBMATERIAL' attributename='PLUSPLISTPRICE' extends='psdi.plusp.app.jobplan.PlusPFldJobMaterialListPrice'>nl.nedtrain.app.spdisable.NTFldJobMaterialListPrice</field>-->

		<!-- TODO : Need to figure out why bean classes are not on the classpath 
			for UpdateDB <bean presentation='NTPLAASSET' controlid='ntplaasset' extends= 
			'psdi.plusa.webclient.beans.asset.PlusAAssetAppBean'>nl.nedtrain.webclient.beans.asset.NTAssetAppBean</bean> 
			<bean presentation='NTPLAASSET' controlid='plusabdist_asset_configuration' 
			extends= 'psdi.plusa.webclient.beans.asset.PlusAANBDIStatusTableBean'>nl.nedtrain.webclient.beans.asset.NTPlusAANBDIStatusTableBean</bean> 
			<bean presentation='NTARRIVAL' controlid='viewWOandPMs_viewWOandPMsAsset_ViewWO' 
			extends= 'psdi.webclient.beans.common.ViewWOByAssetBean'>nl.nedtrain.webclient.beans.asset.NTAssetArrivalsBean</bean> 
			<bean presentation='NTPLUSPSR' controlid='ntpluspsr' extends='psdi.plusp.webclient.beans.common.PlusPTicketAppBean'>nl.nedtrain.webclient.beans.common.NTTicketAppBean</bean> 
			<bean presentation='NTBDIASSET' controlid='calist_plusabdist_problems' extends= 
			'psdi.webclient.system.beans.DataBean'>nl.nedtrain.webclient.beans.plusaan.NTPlusANBDIMapping</bean> 
			<bean presentation='NTPLUSWRKM' controlid='ntpluswrkm' extends= 'psdi.plust.webclient.beans.plustwrkmn.PlusTWorkmanAppBean'>nl.nedtrain.webclient.beans.plustwrkmn.NTWorkmanAppBean</bean> 
			<bean presentation='NTPLUSWRKM' controlid='ntmatlablist' extends= 'psdi.plust.webclient.beans.plustwrkmn.PlusTWMMatchLaborDialogBean'>nl.nedtrain.webclient.beans.plustwrkmn.NTWMMatchLaborDialogBean</bean> 
			<bean presentation='NTCHKLIST' controlid='NTCHECKLISTTASK_TABLE' extends= 
			'psdi.webclient.system.beans.DataBean'>psdi.nt.webclient.beans.workorder.NTChecklistTaskBean</bean> 
			<bean presentation='NTCHKLIST' controlid='createFollowUpWorkorderDialog' 
			extends= 'psdi.webclient.system.beans.DataBean'>psdi.nt.webclient.beans.workorder.NTChecklistTaskFollowUpWOBean</bean> 
			<bean presentation='NTCHKLIST' controlid='createFollowUpWorkorderDialogUITG' 
			extends= 'psdi.webclient.system.beans.DataBean'>nl.nedtrain.webclient.beans.workorder.NTChecklistTaskFollowUpWOBean</bean> 
			<bean presentation='NTPLUSAWBC' controlid='ntplusawbc' extends= 'psdi.plusa.webclient.beans.workorder.PlusAWOAppBean'>nl.nedtrain.webclient.beans.workorder.NTWOAppBean</bean> 
			<bean presentation='NTPLUSAWO' controlid='ntplusawo' extends= 'psdi.plusa.webclient.beans.workorder.PlusAWOAppBean'>nl.nedtrain.webclient.beans.workorder.NTWOAppBean</bean> 
			<bean presentation='NTPLUSTCLI' controlid='ntplustcli' extends= 'psdi.plust.webclient.beans.plustclip.PlusTClipAppBean'>nl.nedtrain.webclient.beans.plustclip.NTPlusTClipAppBean</bean> 
			<bean presentation='NTPLUSTCLI' controlid='ntclfollowup' extends= 'psdi.webclient.system.beans.DataBean'>nl.nedtrain.webclient.beans.workorder.NTChecklistTaskFollowUpListBean</bean> 
			<bean presentation='NTPLUSTCLI' controlid='acmaterials' extends= 'psdi.webclient.system.beans.MultiselectDataBean'>nl.nedtrain.webclient.beans.common.NTMultiselectAllBean</bean> 
		-->

	</extensions>
</product>
